Year,Month,RegionKey,Target
2022,1,1,491700.0
2022,1,2,178300.0
2022,1,3,171700.0
2022,1,4,156900.0
2022,1,5,101000.0
2022,1,6,133100.0
2022,1,7,116000.0
2022,1,8,72700.0
2022,2,1,400600.0
2022,2,2,136900.0
2022,2,3,141200.0
2022,2,4,93600.0
2022,2,5,92800.0
2022,2,6,106100.0
2022,2,7,90100.0
2022,2,8,54100.0
2022,3,1,523500.0
2022,3,2,162300.0
2022,3,3,164500.0
2022,3,4,194900.0
2022,3,5,122900.0
2022,3,6,154800.0
2022,3,7,133300.0
2022,3,8,73800.0
2022,4,1,497000.0
2022,4,2,164900.0
2022,4,3,193100.0
2022,4,4,138200.0
2022,4,5,128500.0
2022,4,6,109900.0
2022,4,7,169500.0
2022,4,8,69000.0
2022,5,1,486200.0
2022,5,2,185600.0
2022,5,3,199900.0
2022,5,4,115800.0
2022,5,5,115700.0
2022,5,6,174200.0
2022,5,7,138300.0
2022,5,8,56200.0
2022,6,1,604100.0
2022,6,2,187300.0
2022,6,3,236800.0
2022,6,4,145500.0
2022,6,5,163400.0
2022,6,6,158900.0
2022,6,7,141400.0
2022,6,8,89400.0
2022,7,1,599500.0
2022,7,2,201200.0
2022,7,3,172300.0
2022,7,4,151800.0
2022,7,5,122700.0
2022,7,6,171200.0
2022,7,7,164900.0
2022,7,8,101600.0
2022,8,1,524000.0
2022,8,2,189400.0
2022,8,3,211200.0
2022,8,4,186500.0
2022,8,5,119400.0
2022,8,6,186300.0
2022,8,7,116900.0
2022,8,8,71000.0
2022,9,1,607900.0
2022,9,2,236300.0
2022,9,3,222200.0
2022,9,4,193900.0
2022,9,5,141200.0
2022,9,6,156500.0
2022,9,7,155000.0
2022,9,8,75700.0
2022,10,1,699800.0
2022,10,2,198000.0
2022,10,3,191600.0
2022,10,4,150900.0
2022,10,5,144000.0
2022,10,6,220800.0
2022,10,7,154800.0
2022,10,8,114700.0
2022,11,1,888900.0
2022,11,2,375000.0
2022,11,3,307400.0
2022,11,4,249900.0
2022,11,5,201000.0
2022,11,6,294500.0
2022,11,7,247600.0
2022,11,8,164800.0
2022,12,1,1198000.0
2022,12,2,366500.0
2022,12,3,374100.0
2022,12,4,354900.0
2022,12,5,257600.0
2022,12,6,306700.0
2022,12,7,294600.0
2022,12,8,184300.0
2023,1,1,533200.0
2023,1,2,207500.0
2023,1,3,244200.0
2023,1,4,166400.0
2023,1,5,123600.0
2023,1,6,155700.0
2023,1,7,110700.0
2023,1,8,57400.0
2023,2,1,380800.0
2023,2,2,143300.0
2023,2,3,164900.0
2023,2,4,157400.0
2023,2,5,103100.0
2023,2,6,110000.0
2023,2,7,143600.0
2023,2,8,36400.0
2023,3,1,578700.0
2023,3,2,220100.0
2023,3,3,232900.0
2023,3,4,167000.0
2023,3,5,121300.0
2023,3,6,172500.0
2023,3,7,136500.0
2023,3,8,78500.0
2023,4,1,580500.0
2023,4,2,178200.0
2023,4,3,173900.0
2023,4,4,149500.0
2023,4,5,157300.0
2023,4,6,144700.0
2023,4,7,118700.0
2023,4,8,90100.0
2023,5,1,567200.0
2023,5,2,234700.0
2023,5,3,202100.0
2023,5,4,180000.0
2023,5,5,134800.0
2023,5,6,225700.0
2023,5,7,206400.0
2023,5,8,59400.0
2023,6,1,651100.0
2023,6,2,172200.0
2023,6,3,240400.0
2023,6,4,171100.0
2023,6,5,180200.0
2023,6,6,217100.0
2023,6,7,148500.0
2023,6,8,107600.0
2023,7,1,576200.0
2023,7,2,190200.0
2023,7,3,187200.0
2023,7,4,172000.0
2023,7,5,119800.0
2023,7,6,181800.0
2023,7,7,172500.0
2023,7,8,91600.0
2023,8,1,660500.0
2023,8,2,209400.0
2023,8,3,192300.0
2023,8,4,194500.0
2023,8,5,182000.0
2023,8,6,193100.0
2023,8,7,149400.0
2023,8,8,86100.0
2023,9,1,656200.0
2023,9,2,243300.0
2023,9,3,299800.0
2023,9,4,182700.0
2023,9,5,152300.0
2023,9,6,168100.0
2023,9,7,172700.0
2023,9,8,74200.0
2023,10,1,837500.0
2023,10,2,300900.0
2023,10,3,248800.0
2023,10,4,244300.0
2023,10,5,144900.0
2023,10,6,257200.0
2023,10,7,224400.0
2023,10,8,148600.0
2023,11,1,938000.0
2023,11,2,355000.0
2023,11,3,355800.0
2023,11,4,312700.0
2023,11,5,239700.0
2023,11,6,265200.0
2023,11,7,267300.0
2023,11,8,162700.0
2023,12,1,1254700.0
2023,12,2,454800.0
2023,12,3,441700.0
2023,12,4,371600.0
2023,12,5,304500.0
2023,12,6,310200.0
2023,12,7,278800.0
2023,12,8,161600.0
2024,1,1,519600.0
2024,1,2,196900.0
2024,1,3,191900.0
2024,1,4,184100.0
2024,1,5,123200.0
2024,1,6,168100.0
2024,1,7,163800.0
2024,1,8,92400.0
2024,2,1,432500.0
2024,2,2,248400.0
2024,2,3,208500.0
2024,2,4,150600.0
2024,2,5,83700.0
2024,2,6,130400.0
2024,2,7,162100.0
2024,2,8,77000.0
2024,3,1,567300.0
2024,3,2,246800.0
2024,3,3,173500.0
2024,3,4,220000.0
2024,3,5,155500.0
2024,3,6,222800.0
2024,3,7,197400.0
2024,3,8,91400.0
2024,4,1,655900.0
2024,4,2,222700.0
2024,4,3,232800.0
2024,4,4,164300.0
2024,4,5,103300.0
2024,4,6,160500.0
2024,4,7,200300.0
2024,4,8,88300.0
2024,5,1,658700.0
2024,5,2,280200.0
2024,5,3,253300.0
2024,5,4,240600.0
2024,5,5,175100.0
2024,5,6,200300.0
2024,5,7,305700.0
2024,5,8,107400.0
2024,6,1,597100.0
2024,6,2,287200.0
2024,6,3,202700.0
2024,6,4,162400.0
2024,6,5,156100.0
2024,6,6,191900.0
2024,6,7,157800.0
2024,6,8,78900.0
2024,7,1,718900.0
2024,7,2,282300.0
2024,7,3,248400.0
2024,7,4,234100.0
2024,7,5,156800.0
2024,7,6,250400.0
2024,7,7,193800.0
2024,7,8,111000.0
2024,8,1,786400.0
2024,8,2,254000.0
2024,8,3,270000.0
2024,8,4,261200.0
2024,8,5,125000.0
2024,8,6,244000.0
2024,8,7,201100.0
2024,8,8,88600.0
2024,9,1,662600.0
2024,9,2,233500.0
2024,9,3,267700.0
2024,9,4,245300.0
2024,9,5,137100.0
2024,9,6,234200.0
2024,9,7,215800.0
2024,9,8,97700.0
2024,10,1,953600.0
2024,10,2,236400.0
2024,10,3,292000.0
2024,10,4,202300.0
2024,10,5,202300.0
2024,10,6,261900.0
2024,10,7,213300.0
2024,10,8,119100.0
2024,11,1,1137600.0
2024,11,2,427000.0
2024,11,3,336300.0
2024,11,4,384200.0
2024,11,5,278100.0
2024,11,6,378700.0
2024,11,7,275400.0
2024,11,8,151400.0
2024,12,1,1380500.0
2024,12,2,478400.0
2024,12,3,486700.0
2024,12,4,388100.0
2024,12,5,251700.0
2024,12,6,380700.0
2024,12,7,388900.0
2024,12,8,232200.0
